bus_1,a,b,c
bus_10,a,,
bus_100,a,b,c
bus_101,a,b,c
bus_102,,,c
bus_103,,,c
bus_104,,,c
bus_105,a,b,c
bus_106,,b,
bus_107,,b,
bus_108,a,b,c
bus_109,a,,
bus_11,a,,
bus_110,a,,
bus_111,a,,
bus_112,a,,
bus_113,a,,
bus_114,a,,
bus_12,,b,
bus_13,a,b,c
bus_135,a,b,c
bus_14,a,,
bus_15,,,c
bus_151,a,b,c
bus_152,a,b,c
bus_16,,,c
bus_160,a,b,c
bus_17,,,c
bus_18,a,b,c
bus_19,a,,
bus_197,a,b,c
bus_2,,b,
bus_20,a,,
bus_21,a,b,c
bus_22,,b,
bus_23,a,b,c
bus_24,,,c
bus_25,a,b,c
bus_250,a,b,c
bus_251,a,b,c
bus_26,a,,c
bus_27,a,,c
bus_28,a,b,c
bus_29,a,b,c
bus_3,,,c
bus_30,a,b,c
bus_300,a,b,c
bus_31,,,c
bus_32,,,c
bus_33,a,,
bus_34,,,c
bus_35,a,b,c
bus_350,a,b,c
bus_36,a,b,
bus_37,a,,
bus_38,,b,
bus_39,,b,
bus_4,,,c
bus_40,a,b,c
bus_41,,,c
bus_42,a,b,c
bus_43,,b,
bus_44,a,b,c
bus_45,a,,
bus_450,a,b,c
bus_451,a,b,c
bus_46,a,,
bus_47,a,b,c
bus_48,a,b,c
bus_49,a,b,c
bus_5,,,c
bus_50,a,b,c
bus_51,a,b,c
bus_52,a,b,c
bus_53,a,b,c
bus_54,a,b,c
bus_55,a,b,c
bus_56,a,b,c
bus_57,a,b,c
bus_58,,b,
bus_59,,b,
bus_6,,,c
bus_60,a,b,c
bus_61,a,b,c
bus_610,a,b,c
bus_62,a,b,c
bus_63,a,b,c
bus_64,a,b,c
bus_65,a,b,c
bus_66,a,b,c
bus_67,a,b,c
bus_68,a,,
bus_69,a,,
bus_7,a,b,c
bus_70,a,,
bus_71,a,,
bus_72,a,b,c
bus_73,,,c
bus_74,,,c
bus_75,,,c
bus_76,a,b,c
bus_77,a,b,c
bus_78,a,b,c
bus_79,a,b,c
bus_8,a,b,c
bus_80,a,b,c
bus_81,a,b,c
bus_82,a,b,c
bus_83,a,b,c
bus_84,,,c
bus_85,,,c
bus_86,a,b,c
bus_87,a,b,c
bus_88,a,,
bus_89,a,b,c
bus_9,a,,
bus_90,,b,
bus_91,a,b,c
bus_92,,,c
bus_93,a,b,c
bus_94,a,,
bus_95,a,b,c
bus_96,,b,
bus_97,a,b,c
bus_98,a,b,c
bus_99,a,b,c
bus_610,a,b,c
